{"quant": {"accs": [73.88600158691406, 75.94999694824219, 75.99199676513672, 76.1259994506836], "tmacs": [18371340288.0, 21418176512.0, 24465014784.0, 27511851008.0], "avg_terms": [13.2, 13.2, 13.2, 13.2], "params": [9253216.0, 9253216.0, 9253216.0, 9253216.0]}, "tr-data2": {"accs": [70.29399871826172, 72.15399932861328, 72.72599792480469, 72.80599975585938], "tmacs": [1035682816.0, 1374220288.0, 1712757760.0, 2051295232.0], "avg_terms": [10.2, 10.4, 10.6, 10.8], "params": [9253216.0, 9253216.0, 9253216.0, 9253216.0]}, "tr-data3": {"accs": [74.0219955444336, 75.84199523925781, 75.99199676513672, 76.0], "tmacs": [1553524224.0, 2061330432.0, 2569136640.0, 3076942848.0], "avg_terms": [10.2, 10.4, 10.6, 10.8], "params": [9253216.0, 9253216.0, 9253216.0, 9253216.0]}, "tr-data4": {"accs": [74.27999877929688, 76.05799865722656, 76.09400177001953, 76.08200073242188], "tmacs": [2071365632.0, 2748440576.0, 3425515520.0, 4102590464.0], "avg_terms": [10.2, 10.4, 10.6, 10.8], "params": [9253216.0, 9253216.0, 9253216.0, 9253216.0]}}