{"ppls": [88.40850280613542, 87.08319317943057, 86.93099909441699, 86.8324211692231, 86.86133379412428], "tmacs": [302829797376.0, 363395743744.0, 423961722880.0, 484527669248.0, 545093648384.0], "param_bits": [108153504.0, 129784200.0, 151414896.0, 173045600.0, 194676304.0]}