{"ppls": [87.4170240253739, 87.1018719117162, 86.97661930481874, 86.9200458312244, 86.86818773536383], "tmacs": [60565958656.0, 90848935936.0, 121131917312.0, 151414898688.0, 181697871872.0], "param_bits": [107608840.0, 156186752.0, 177424160.0, 179306048.0, 179330432.0]}