{"accs": [93.32000000000001, 98.34, 98.39, 98.47, 98.46000000000001], "tmacs": [8024064.0, 12036096.0, 16048128.0, 20060160.0, 24072192.0], "param_bits": [1337344.0, 2006016.0, 2674688.0, 3343360.0, 4012032.0]}