{"quant": {"accs": [67.28199768066406, 71.0739974975586, 71.59600067138672, 71.76599884033203], "tmacs": [14468751360.0, 16880209920.0, 19291668480.0, 21703127040.0], "avg_terms": [11.333333333333334, 11.333333333333334, 11.333333333333334, 11.333333333333334], "params": [3504872.0, 3504872.0, 3504872.0, 3504872.0]}, "tr-data2": {"accs": [59.459999084472656, 64.75599670410156, 65.9280014038086, 66.02400207519531], "tmacs": [1466744832.0, 1734684672.0, 2002624512.0, 2270564352.0], "avg_terms": [6.333333333333333, 6.666666666666667, 7.0, 7.333333333333333], "params": [3504872.0, 3504872.0, 3504872.0, 3504872.0]}, "tr-data3": {"accs": [66.86599731445312, 70.82799530029297, 71.31399536132812, 71.4020004272461], "tmacs": [2200117248.0, 2602027008.0, 3003936768.0, 3405846528.0], "avg_terms": [6.333333333333333, 6.666666666666667, 7.0, 7.333333333333333], "params": [3504872.0, 3504872.0, 3504872.0, 3504872.0]}, "tr-data4": {"accs": [67.01399993896484, 71.09600067138672, 71.6520004272461, 71.68999481201172], "tmacs": [2933489664.0, 3469369344.0, 4005249024.0, 4541128704.0], "avg_terms": [6.333333333333333, 6.666666666666667, 7.0, 7.333333333333333], "params": [3504872.0, 3504872.0, 3504872.0, 3504872.0]}}