{"quant": {"accs": [55.18000030517578, 67.58599853515625, 69.08599853515625, 69.6240005493164, 69.68799591064453], "tmacs": [67821895680.0, 81386274816.0, 94950653952.0, 108515033088.0, 122079412224.0], "avg_terms": [5.0, 6.0, 7.0, 8.0, 9.0], "params": [11689512.0, 11689512.0, 11689512.0, 11689512.0, 11689512.0]}, "tr-data2": {"accs": [67.552001953125, 68.73600006103516, 69.05400085449219, 69.18399810791016, 69.09400177001953], "tmacs": [3391094784.0, 4238868480.0, 5086642176.0, 5934415872.0, 6782189568.0], "avg_terms": [1.0, 1.25, 1.5, 1.75, 2.0], "params": [11689512.0, 11689512.0, 11689512.0, 11689512.0, 11689512.0]}, "tr-data3": {"accs": [67.9219970703125, 68.99800109863281, 69.5, 69.60199737548828, 69.58599853515625], "tmacs": [5086642176.0, 6358302720.0, 7629963264.0, 8901623808.0, 10173284352.0], "avg_terms": [1.0, 1.25, 1.5, 1.75, 2.0], "params": [11689512.0, 11689512.0, 11689512.0, 11689512.0, 11689512.0]}}