{"quant": {"accs": [63.45800018310547, 72.11000061035156, 73.11799621582031, 73.24800109863281, 73.30400085449219], "tmacs": [610397061120.0, 732476473344.0, 854555885568.0, 976635297792.0, 1098714710016.0], "avg_terms": [5.0, 6.0, 7.0, 8.0, 9.0], "params": [138365984.0, 138365984.0, 138365984.0, 138365984.0, 138365984.0]}, "tr-data2": {"accs": [72.25599670410156, 73.02999877929688, 73.1199951171875, 73.13999938964844, 73.10199737548828], "tmacs": [30519853056.0, 38149816320.0, 45779779584.0, 53409742848.0, 61039706112.0], "avg_terms": [1.0, 1.25, 1.5, 1.75, 2.0], "params": [138365984.0, 138365984.0, 138365984.0, 138365984.0, 138365984.0]}, "tr-data3": {"accs": [72.4959945678711, 73.06800079345703, 73.20999908447266, 73.2760009765625, 73.27799987792969], "tmacs": [45779779584.0, 57224724480.0, 68669669376.0, 80114614272.0, 91559559168.0], "avg_terms": [1.0, 1.25, 1.5, 1.75, 2.0], "params": [138365984.0, 138365984.0, 138365984.0, 138365984.0, 138365984.0]}}